{"_wandb":{"runtime":25882},"_timestamp":1.7500124040313115e+09,"_runtime":25837.545084723,"Lengths/mean":2.25,"Lengths":{"bins":[2,2.03125,2.0625,2.09375,2.125,2.15625,2.1875,2.21875,2.25,2.28125,2.3125,2.34375,2.375,2.40625,2.4375,2.46875,2.5,2.53125,2.5625,2.59375,2.625,2.65625,2.6875,2.71875,2.75,2.78125,2.8125,2.84375,2.875,2.90625,2.9375,2.96875,3,3.03125,3.0625,3.09375,3.125,3.15625,3.1875,3.21875,3.25,3.28125,3.3125,3.34375,3.375,3.40625,3.4375,3.46875,3.5,3.53125,3.5625,3.59375,3.625,3.65625,3.6875,3.71875,3.75,3.78125,3.8125,3.84375,3.875,3.90625,3.9375,3.96875,4],"_type":"histogram","values":[7,0,0,0,0,0,0,0,0,0,0,0,0,0,0,0,0,0,0,0,0,0,0,0,0,0,0,0,0,0,0,0,0,0,0,0,0,0,0,0,0,0,0,0,0,0,0,0,0,0,0,0,0,0,0,0,0,0,0,0,0,0,0,1]},"_step":2399,"Entropys/mean":0.21602453291416168,"Correctness/mean":-1,"Correctness":{"_type":"histogram","values":[0,0,0,0,0,0,0,0,0,0,0,0,0,0,0,0,0,0,0,0,0,0,0,0,0,0,0,0,0,0,0,0,8,0,0,0,0,0,0,0,0,0,0,0,0,0,0,0,0,0,0,0,0,0,0,0,0,0,0,0,0,0,0,0],"bins":[-1.5,-1.484375,-1.46875,-1.453125,-1.4375,-1.421875,-1.40625,-1.390625,-1.375,-1.359375,-1.34375,-1.328125,-1.3125,-1.296875,-1.28125,-1.265625,-1.25,-1.234375,-1.21875,-1.203125,-1.1875,-1.171875,-1.15625,-1.140625,-1.125,-1.109375,-1.09375,-1.078125,-1.0625,-1.046875,-1.03125,-1.015625,-1,-0.984375,-0.96875,-0.953125,-0.9375,-0.921875,-0.90625,-0.890625,-0.875,-0.859375,-0.84375,-0.828125,-0.8125,-0.796875,-0.78125,-0.765625,-0.75,-0.734375,-0.71875,-0.703125,-0.6875,-0.671875,-0.65625,-0.640625,-0.625,-0.609375,-0.59375,-0.578125,-0.5625,-0.546875,-0.53125,-0.515625,-0.5]},"Entropys":{"values":[7,0,0,0,0,0,0,0,0,0,0,0,0,0,0,0,0,0,0,0,0,0,0,0,0,0,0,0,0,0,0,0,0,0,0,0,0,0,0,0,0,0,0,0,0,0,0,0,0,0,0,0,0,0,0,0,0,0,0,0,0,0,0,1],"bins":[0.19813963770866394,0.2003752440214157,0.20261085033416748,0.20484647154808044,0.20708207786083221,0.20931768417358398,0.21155330538749695,0.21378891170024872,0.2160245180130005,0.21826012432575226,0.22049573063850403,0.222731351852417,0.22496695816516876,0.22720256447792053,0.2294381856918335,0.23167379200458527,0.23390939831733704,0.2361450046300888,0.23838061094284058,0.24061623215675354,0.2428518384695053,0.24508744478225708,0.24732306599617004,0.24955867230892181,0.2517942786216736,0.25402989983558655,0.2562654912471771,0.2585011124610901,0.26073670387268066,0.26297232508659363,0.2652079463005066,0.26744353771209717,0.26967915892601013,0.2719147801399231,0.27415037155151367,0.27638599276542664,0.2786216139793396,0.2808572053909302,0.28309282660484314,0.2853284180164337,0.2875640392303467,0.28979966044425964,0.2920352518558502,0.2942708730697632,0.29650646448135376,0.2987420856952667,0.3009777069091797,0.30321329832077026,0.3054489195346832,0.3076845407485962,0.30992013216018677,0.31215575337409973,0.3143913745880127,0.31662696599960327,0.31886258721351624,0.3210981786251068,0.3233337998390198,0.32556942105293274,0.3278050124645233,0.3300406336784363,0.33227622509002686,0.3345118463039398,0.3367474675178528,0.33898305892944336,0.3412186801433563],"_type":"histogram"}}