{"_runtime":85183.657566316,"_timestamp":1.7501483187157507e+09,"Entropys/mean":9.418663024902344,"Lengths/mean":463.25,"Entropys":{"values":[1,0,0,1,0,0,0,0,0,0,2,0,0,0,0,0,0,0,1,0,0,0,0,1,0,0,0,0,0,0,0,0,0,0,0,0,0,0,0,0,0,0,0,0,0,0,0,0,0,0,0,0,0,0,0,0,0,0,1,0,0,0,0,1],"bins":[7.208081245422363,7.301110744476318,7.394140243530273,7.4871697425842285,7.580199241638184,7.673228740692139,7.766258716583252,7.859288215637207,7.952317714691162,8.045347213745117,8.138376235961914,8.231406211853027,8.32443618774414,8.417465209960938,8.51049518585205,8.603524208068848,8.696554183959961,8.789583206176758,8.882613182067871,8.975642204284668,9.068672180175781,9.161701202392578,9.254731178283691,9.347761154174805,9.440790176391602,9.533820152282715,9.626849174499512,9.719879150390625,9.812908172607422,9.905938148498535,9.998967170715332,10.091997146606445,10.185026168823242,10.278056144714355,10.371086120605469,10.464115142822266,10.557145118713379,10.650174140930176,10.743204116821289,10.836233139038086,10.9292631149292,11.022292137145996,11.11532211303711,11.208352088928223,11.30138111114502,11.394411087036133,11.48744010925293,11.580470085144043,11.67349910736084,11.766529083251953,11.85955810546875,11.952588081359863,12.04561710357666,12.138647079467773,12.231677055358887,12.324706077575684,12.417736053466797,12.510765075683594,12.603795051574707,12.696824073791504,12.789854049682617,12.882883071899414,12.975913047790527,13.068942070007324,13.161972045898438],"_type":"histogram"},"Lengths":{"bins":[299,302.375,305.75,309.125,312.5,315.875,319.25,322.625,326,329.375,332.75,336.125,339.5,342.875,346.25,349.625,353,356.375,359.75,363.125,366.5,369.875,373.25,376.625,380,383.375,386.75,390.125,393.5,396.875,400.25,403.625,407,410.375,413.75,417.125,420.5,423.875,427.25,430.625,434,437.375,440.75,444.125,447.5,450.875,454.25,457.625,461,464.375,467.75,471.125,474.5,477.875,481.25,484.625,488,491.375,494.75,498.125,501.5,504.875,508.25,511.625,515],"_type":"histogram","values":[1,0,0,0,0,0,0,0,0,0,0,0,0,0,0,0,0,0,0,0,0,0,0,0,0,0,0,0,0,0,0,0,0,0,0,0,0,0,0,0,0,1,0,0,0,0,0,0,0,1,0,0,0,0,0,0,1,0,2,0,0,1,0,1]},"_step":2399,"Correctness":{"bins":[0.5,0.515625,0.53125,0.546875,0.5625,0.578125,0.59375,0.609375,0.625,0.640625,0.65625,0.671875,0.6875,0.703125,0.71875,0.734375,0.75,0.765625,0.78125,0.796875,0.8125,0.828125,0.84375,0.859375,0.875,0.890625,0.90625,0.921875,0.9375,0.953125,0.96875,0.984375,1,1.015625,1.03125,1.046875,1.0625,1.078125,1.09375,1.109375,1.125,1.140625,1.15625,1.171875,1.1875,1.203125,1.21875,1.234375,1.25,1.265625,1.28125,1.296875,1.3125,1.328125,1.34375,1.359375,1.375,1.390625,1.40625,1.421875,1.4375,1.453125,1.46875,1.484375,1.5],"_type":"histogram","values":[0,0,0,0,0,0,0,0,0,0,0,0,0,0,0,0,0,0,0,0,0,0,0,0,0,0,0,0,0,0,0,0,8,0,0,0,0,0,0,0,0,0,0,0,0,0,0,0,0,0,0,0,0,0,0,0,0,0,0,0,0,0,0,0]},"_wandb":{"runtime":85216},"Correctness/mean":1}