{"train/learning_rate":0,"train/reward":0.125,"profiling/Time taken: GRPOTrainer.compute_loss":0.43530555348843336,"_runtime":95618.569968263,"train_steps_per_second":0.008,"train/clip_ratio":0,"Entropys/mean":2.9124550819396973,"Lengths":{"values":[1,0,0,0,0,0,0,0,0,0,0,0,1,0,0,0,0,0,0,0,0,0,0,0,0,0,0,0,0,0,0,0,0,0,0,0,0,0,0,0,1,0,0,0,0,0,0,0,0,0,0,1,0,0,0,0,1,0,0,0,0,0,0,3],"bins":[8,9.46875,10.9375,12.40625,13.875,15.34375,16.8125,18.28125,19.75,21.21875,22.6875,24.15625,25.625,27.09375,28.5625,30.03125,31.5,32.96875,34.4375,35.90625,37.375,38.84375,40.3125,41.78125,43.25,44.71875,46.1875,47.65625,49.125,50.59375,52.0625,53.53125,55,56.46875,57.9375,59.40625,60.875,62.34375,63.8125,65.28125,66.75,68.21875,69.6875,71.15625,72.625,74.09375,75.5625,77.03125,78.5,79.96875,81.4375,82.90625,84.375,85.84375,87.3125,88.78125,90.25,91.71875,93.1875,94.65625,96.125,97.59375,99.0625,100.53125,102],"_type":"histogram"},"train_runtime":95581.403,"train/rewards/cewe":0.125,"Correctness/mean":1,"total_flos":0,"_timestamp":1.7501081201118178e+09,"Lengths/mean":72.875,"train/loss":0.3678,"train_loss":0.12586001335585023,"Correctness":{"bins":[0.5,0.515625,0.53125,0.546875,0.5625,0.578125,0.59375,0.609375,0.625,0.640625,0.65625,0.671875,0.6875,0.703125,0.71875,0.734375,0.75,0.765625,0.78125,0.796875,0.8125,0.828125,0.84375,0.859375,0.875,0.890625,0.90625,0.921875,0.9375,0.953125,0.96875,0.984375,1,1.015625,1.03125,1.046875,1.0625,1.078125,1.09375,1.109375,1.125,1.140625,1.15625,1.171875,1.1875,1.203125,1.21875,1.234375,1.25,1.265625,1.28125,1.296875,1.3125,1.328125,1.34375,1.359375,1.375,1.390625,1.40625,1.421875,1.4375,1.453125,1.46875,1.484375,1.5],"_type":"histogram","values":[0,0,0,0,0,0,0,0,0,0,0,0,0,0,0,0,0,0,0,0,0,0,0,0,0,0,0,0,0,0,0,0,8,0,0,0,0,0,0,0,0,0,0,0,0,0,0,0,0,0,0,0,0,0,0,0,0,0,0,0,0,0,0,0]},"train/completion_length":216.875,"train/reward_std":0.23313027620315552,"profiling/Time taken: GRPOTrainer.cewe":0.04944390431046486,"train/num_tokens":7.511589e+06,"Entropys":{"_type":"histogram","values":[1,0,0,0,0,0,0,0,0,0,0,0,1,0,0,0,0,0,0,0,0,0,0,0,0,0,0,0,0,0,0,0,0,0,0,0,0,0,0,0,0,1,0,0,0,0,0,0,0,0,0,0,0,2,0,0,0,0,1,0,0,0,1,1],"bins":[1.1551060676574707,1.19579017162323,1.2364742755889893,1.277158498764038,1.3178426027297974,1.3585267066955566,1.3992109298706055,1.4398950338363647,1.480579137802124,1.5212632417678833,1.5619473457336426,1.6026315689086914,1.6433156728744507,1.68399977684021,1.7246840000152588,1.765368103981018,1.8060522079467773,1.8467363119125366,1.887420415878296,1.9281046390533447,1.968788743019104,2.0094728469848633,2.050157070159912,2.090841054916382,2.1315252780914307,2.1722095012664795,2.212893486022949,2.253577709197998,2.294261932373047,2.3349459171295166,2.3756301403045654,2.416314125061035,2.456998348236084,2.497682571411133,2.5383665561676025,2.5790507793426514,2.619734764099121,2.66041898727417,2.7011032104492188,2.7417871952056885,2.7824714183807373,2.823155641555786,2.863839626312256,2.9045238494873047,2.9452080726623535,2.9858920574188232,3.026576280593872,3.067260265350342,3.1079444885253906,3.1486287117004395,3.189312696456909,3.229996919631958,3.2706809043884277,3.3113651275634766,3.3520493507385254,3.392733335494995,3.433417558670044,3.4741017818450928,3.5147857666015625,3.5554699897766113,3.59615421295166,3.63683819770813,3.6775224208831787,3.7182064056396484,3.7588906288146973]},"_step":7200,"profiling/Time taken: GRPOTrainer._prepare_inputs":94.10371914319694,"train_samples_per_second":0.134,"_wandb":{"runtime":95619},"train/grad_norm":2.255450963973999,"train/epoch":2,"profiling/Time taken: GRPOTrainer._get_per_token_logps":0.08359791617840528,"train/global_step":800}