{"train/epoch":2,"train_steps_per_second":0.02,"train/loss":-0.047,"_wandb":{"runtime":39633},"train/reward_std":0.03439878672361374,"train/global_step":800,"train_runtime":39579.0271,"Lengths/mean":56.125,"train/learning_rate":0,"_step":7200,"Correctness/mean":1,"profiling/Time taken: GRPOTrainer._prepare_inputs":6.9684521071612835,"profiling/Time taken: GRPOTrainer._get_per_token_logps":0.08748907782137394,"train_samples_per_second":0.323,"total_flos":0,"train/rewards/cewe":0,"train/grad_norm":12.466444969177246,"profiling/Time taken: GRPOTrainer.cewe":0.04529016185551882,"_timestamp":1.7500160315196645e+09,"train_loss":0.03351945348610267,"profiling/Time taken: GRPOTrainer.compute_loss":0.0901291212067008,"_runtime":39632.292813077,"train/clip_ratio":0,"train/num_tokens":4.664539e+06,"train/completion_length":54.8125,"Correctness":{"bins":[0.5,0.515625,0.53125,0.546875,0.5625,0.578125,0.59375,0.609375,0.625,0.640625,0.65625,0.671875,0.6875,0.703125,0.71875,0.734375,0.75,0.765625,0.78125,0.796875,0.8125,0.828125,0.84375,0.859375,0.875,0.890625,0.90625,0.921875,0.9375,0.953125,0.96875,0.984375,1,1.015625,1.03125,1.046875,1.0625,1.078125,1.09375,1.109375,1.125,1.140625,1.15625,1.171875,1.1875,1.203125,1.21875,1.234375,1.25,1.265625,1.28125,1.296875,1.3125,1.328125,1.34375,1.359375,1.375,1.390625,1.40625,1.421875,1.4375,1.453125,1.46875,1.484375,1.5],"_type":"histogram","values":[0,0,0,0,0,0,0,0,0,0,0,0,0,0,0,0,0,0,0,0,0,0,0,0,0,0,0,0,0,0,0,0,8,0,0,0,0,0,0,0,0,0,0,0,0,0,0,0,0,0,0,0,0,0,0,0,0,0,0,0,0,0,0,0]},"Entropys":{"bins":[0.7185579538345337,0.7275556325912476,0.7365533709526062,0.7455510497093201,0.7545487880706787,0.7635464668273926,0.7725441455841064,0.7815418839454651,0.790539562702179,0.7995373010635376,0.8085349798202515,0.8175326585769653,0.826530396938324,0.8355280756950378,0.8445258140563965,0.8535234928131104,0.8625211715698242,0.8715189099311829,0.8805165886878967,0.8895143270492554,0.8985120058059692,0.9075097441673279,0.9165074229240417,0.9255051016807556,0.9345028400421143,0.9435005187988281,0.9524982571601868,0.9614959359169006,0.9704936146736145,0.9794913530349731,0.988489031791687,0.9974867701530457,1.0064845085144043,1.0154821872711182,1.024479866027832,1.033477544784546,1.0424752235412598,1.0514730215072632,1.060470700263977,1.069468379020691,1.0784660577774048,1.0874637365341187,1.096461534500122,1.105459213256836,1.1144568920135498,1.1234545707702637,1.1324522495269775,1.141450047492981,1.1504477262496948,1.1594454050064087,1.1684430837631226,1.1774407625198364,1.1864385604858398,1.1954362392425537,1.2044339179992676,1.2134315967559814,1.2224292755126953,1.2314270734786987,1.2404247522354126,1.2494224309921265,1.2584201097488403,1.2674177885055542,1.2764155864715576,1.2854132652282715,1.2944109439849854],"_type":"histogram","values":[1,0,0,0,0,1,0,0,0,0,0,0,0,0,0,0,0,0,0,0,0,0,0,0,0,0,3,0,0,0,0,0,0,0,0,0,0,0,0,0,0,0,0,0,0,0,0,0,0,0,0,0,0,0,0,0,0,0,0,0,0,0,0,3]},"Lengths":{"values":[1,0,0,0,0,0,0,0,0,0,0,0,0,0,0,0,0,0,0,0,0,0,0,0,0,0,0,0,0,0,2,0,0,0,0,0,0,0,0,0,0,0,0,0,0,0,0,0,0,0,0,0,1,0,0,0,0,0,0,0,1,0,0,3],"bins":[44,44.265625,44.53125,44.796875,45.0625,45.328125,45.59375,45.859375,46.125,46.390625,46.65625,46.921875,47.1875,47.453125,47.71875,47.984375,48.25,48.515625,48.78125,49.046875,49.3125,49.578125,49.84375,50.109375,50.375,50.640625,50.90625,51.171875,51.4375,51.703125,51.96875,52.234375,52.5,52.765625,53.03125,53.296875,53.5625,53.828125,54.09375,54.359375,54.625,54.890625,55.15625,55.421875,55.6875,55.953125,56.21875,56.484375,56.75,57.015625,57.28125,57.546875,57.8125,58.078125,58.34375,58.609375,58.875,59.140625,59.40625,59.671875,59.9375,60.203125,60.46875,60.734375,61],"_type":"histogram"},"Entropys/mean":1.0304908752441406,"train/reward":0}