{"_timestamp":1.7501707909439087e+09,"Correctness/mean":0.75,"Entropys/mean":6.643064498901367,"Lengths/mean":218,"_wandb":{"runtime":62520},"Lengths":{"bins":[81,85.890625,90.78125,95.671875,100.5625,105.453125,110.34375,115.234375,120.125,125.015625,129.90625,134.796875,139.6875,144.578125,149.46875,154.359375,159.25,164.140625,169.03125,173.921875,178.8125,183.703125,188.59375,193.484375,198.375,203.265625,208.15625,213.046875,217.9375,222.828125,227.71875,232.609375,237.5,242.390625,247.28125,252.171875,257.0625,261.953125,266.84375,271.734375,276.625,281.515625,286.40625,291.296875,296.1875,301.078125,305.96875,310.859375,315.75,320.640625,325.53125,330.421875,335.3125,340.203125,345.09375,349.984375,354.875,359.765625,364.65625,369.546875,374.4375,379.328125,384.21875,389.109375,394],"_type":"histogram","values":[1,0,0,0,1,0,1,0,0,0,0,0,0,0,0,0,0,1,0,0,0,0,0,0,0,0,0,0,0,0,0,0,0,0,0,0,1,0,0,0,0,0,0,0,0,0,0,1,1,0,0,0,0,0,0,0,0,0,0,0,0,0,0,1]},"_runtime":62478.362511355,"_step":2399,"Correctness":{"_type":"histogram","values":[1,0,0,0,0,0,0,0,0,0,0,0,0,0,0,0,0,0,0,0,0,0,0,0,0,0,0,0,0,0,0,0,0,0,0,0,0,0,0,0,0,0,0,0,0,0,0,0,0,0,0,0,0,0,0,0,0,0,0,0,0,0,0,7],"bins":[-1,-0.96875,-0.9375,-0.90625,-0.875,-0.84375,-0.8125,-0.78125,-0.75,-0.71875,-0.6875,-0.65625,-0.625,-0.59375,-0.5625,-0.53125,-0.5,-0.46875,-0.4375,-0.40625,-0.375,-0.34375,-0.3125,-0.28125,-0.25,-0.21875,-0.1875,-0.15625,-0.125,-0.09375,-0.0625,-0.03125,0,0.03125,0.0625,0.09375,0.125,0.15625,0.1875,0.21875,0.25,0.28125,0.3125,0.34375,0.375,0.40625,0.4375,0.46875,0.5,0.53125,0.5625,0.59375,0.625,0.65625,0.6875,0.71875,0.75,0.78125,0.8125,0.84375,0.875,0.90625,0.9375,0.96875,1]},"Entropys":{"bins":[3.392392158508301,3.5043129920959473,3.6162335872650146,3.728154420852661,3.8400752544403076,3.951995849609375,4.0639166831970215,4.175837516784668,4.2877583503723145,4.399679183959961,4.511599540710449,4.623520374298096,4.735441207885742,4.847362041473389,4.959282875061035,5.071203708648682,5.183124542236328,5.295044898986816,5.406965732574463,5.518886566162109,5.630807399749756,5.742728233337402,5.854649066925049,5.966569423675537,6.078490257263184,6.19041109085083,6.302331924438477,6.414252758026123,6.5261735916137695,6.638093948364258,6.750014781951904,6.861935615539551,6.973856449127197,7.085777282714844,7.19769811630249,7.309618949890137,7.421539306640625,7.5334601402282715,7.645380973815918,7.7573018074035645,7.869222640991211,7.981143474578857,8.093064308166504,8.204984664916992,8.316905975341797,8.428826332092285,8.540746688842773,8.652667999267578,8.764588356018066,8.876509666442871,8.98843002319336,9.100351333618164,9.212271690368652,9.32419204711914,9.436113357543945,9.548033714294434,9.659955024719238,9.771875381469727,9.883795738220215,9.99571704864502,10.107637405395508,10.219558715820312,10.3314790725708,10.443400382995605,10.555320739746094],"_type":"histogram","values":[1,0,1,0,0,0,0,0,0,0,0,0,0,1,0,0,0,0,0,0,0,1,0,0,0,0,0,0,0,0,0,0,1,0,0,0,0,0,0,0,0,0,0,0,0,0,1,0,0,0,0,1,0,0,0,0,0,0,0,0,0,0,0,1]}}