{"_timestamp":1.7499371125304286e+09,"train/rewards/cewe":0,"train/reward_std":0.42752373218536377,"train/grad_norm":1.0841081142425537,"_wandb":{"runtime":83677},"Entropys/mean":6.252138614654541,"profiling/Time taken: GRPOTrainer._get_per_token_logps":0.07594852708280087,"train/num_tokens":6.234637e+06,"Lengths/mean":116.25,"Correctness":{"_type":"histogram","values":[1,0,0,0,0,0,0,0,0,0,0,0,0,0,0,0,0,0,0,0,0,0,0,0,0,0,0,0,0,0,0,0,0,0,0,0,0,0,0,0,0,0,0,0,0,0,0,0,0,0,0,0,0,0,0,0,0,0,0,0,0,0,0,7],"bins":[-1,-0.96875,-0.9375,-0.90625,-0.875,-0.84375,-0.8125,-0.78125,-0.75,-0.71875,-0.6875,-0.65625,-0.625,-0.59375,-0.5625,-0.53125,-0.5,-0.46875,-0.4375,-0.40625,-0.375,-0.34375,-0.3125,-0.28125,-0.25,-0.21875,-0.1875,-0.15625,-0.125,-0.09375,-0.0625,-0.03125,0,0.03125,0.0625,0.09375,0.125,0.15625,0.1875,0.21875,0.25,0.28125,0.3125,0.34375,0.375,0.40625,0.4375,0.46875,0.5,0.53125,0.5625,0.59375,0.625,0.65625,0.6875,0.71875,0.75,0.78125,0.8125,0.84375,0.875,0.90625,0.9375,0.96875,1]},"train/learning_rate":0,"train/epoch":2,"train/loss":-0.0483,"_step":7200,"train/global_step":800,"profiling/Time taken: GRPOTrainer.cewe":0.08518428821116686,"train_samples_per_second":0.153,"total_flos":0,"Lengths":{"bins":[8,16.4375,24.875,33.3125,41.75,50.1875,58.625,67.0625,75.5,83.9375,92.375,100.8125,109.25,117.6875,126.125,134.5625,143,151.4375,159.875,168.3125,176.75,185.1875,193.625,202.0625,210.5,218.9375,227.375,235.8125,244.25,252.6875,261.125,269.5625,278,286.4375,294.875,303.3125,311.75,320.1875,328.625,337.0625,345.5,353.9375,362.375,370.8125,379.25,387.6875,396.125,404.5625,413,421.4375,429.875,438.3125,446.75,455.1875,463.625,472.0625,480.5,488.9375,497.375,505.8125,514.25,522.6875,531.125,539.5625,548],"_type":"histogram","values":[1,0,2,0,0,1,0,0,1,1,1,0,0,0,0,0,0,0,0,0,0,0,0,0,0,0,0,0,0,0,0,0,0,0,0,0,0,0,0,0,0,0,0,0,0,0,0,0,0,0,0,0,0,0,0,0,0,0,0,0,0,0,0,1]},"train_runtime":83632.0038,"train_steps_per_second":0.01,"profiling/Time taken: GRPOTrainer._prepare_inputs":42.10855645686388,"train/reward":0,"Correctness/mean":0.75,"_runtime":83677.045009187,"Entropys":{"values":[3,0,1,0,0,0,2,0,1,0,0,0,0,0,0,0,0,0,0,0,0,0,0,0,0,0,0,0,0,0,0,0,0,0,0,0,0,0,0,0,0,0,0,0,0,0,0,0,0,0,0,0,0,0,0,0,0,0,0,0,0,0,0,1],"bins":[1.130791187286377,1.5861096382141113,2.0414280891418457,2.496746778488159,2.9520652294158936,3.407383680343628,3.8627021312713623,4.318020820617676,4.77333927154541,5.2286577224731445,5.683976173400879,6.139294624328613,6.594613075256348,7.049931526184082,7.505250453948975,7.960568904876709,8.415886878967285,8.87120532989502,9.326523780822754,9.781843185424805,10.237161636352539,10.692480087280273,11.147798538208008,11.603116989135742,12.058435440063477,12.513753890991211,12.969072341918945,13.42439079284668,13.879709243774414,14.335027694702148,14.790346145629883,15.245664596557617,15.700983047485352,16.156301498413086,16.61161994934082,17.066938400268555,17.52225685119629,17.977575302124023,18.432893753051758,18.888212203979492,19.343530654907227,19.79884910583496,20.254167556762695,20.70948600769043,21.164804458618164,21.6201229095459,22.075443267822266,22.53076171875,22.986080169677734,23.44139862060547,23.896717071533203,24.352035522460938,24.807353973388672,25.262672424316406,25.71799087524414,26.173309326171875,26.62862777709961,27.083946228027344,27.539264678955078,27.994583129882812,28.449901580810547,28.90522003173828,29.360538482666016,29.81585693359375,30.271175384521484],"_type":"histogram"},"train/clip_ratio":0,"train_loss":0.24011023022409062,"train/completion_length":166.875,"profiling/Time taken: GRPOTrainer.compute_loss":0.20310326665639877}