{"train/learning_rate":0,"Entropys/mean":2.794930934906006,"train/loss":0.2134,"Lengths":{"values":[1,0,0,0,0,0,0,1,1,0,0,1,0,0,0,0,0,0,0,0,0,0,0,0,0,0,1,0,0,0,0,0,0,0,0,1,0,0,0,0,1,0,0,0,0,0,0,0,0,0,0,0,0,0,0,0,0,0,0,0,0,0,0,1],"bins":[224,224.671875,225.34375,226.015625,226.6875,227.359375,228.03125,228.703125,229.375,230.046875,230.71875,231.390625,232.0625,232.734375,233.40625,234.078125,234.75,235.421875,236.09375,236.765625,237.4375,238.109375,238.78125,239.453125,240.125,240.796875,241.46875,242.140625,242.8125,243.484375,244.15625,244.828125,245.5,246.171875,246.84375,247.515625,248.1875,248.859375,249.53125,250.203125,250.875,251.546875,252.21875,252.890625,253.5625,254.234375,254.90625,255.578125,256.25,256.921875,257.59375,258.265625,258.9375,259.609375,260.28125,260.953125,261.625,262.296875,262.96875,263.640625,264.3125,264.984375,265.65625,266.328125,267],"_type":"histogram"},"train/rewards/cewe":0.125,"Correctness":{"values":[0,0,0,0,0,0,0,0,0,0,0,0,0,0,0,0,0,0,0,0,0,0,0,0,0,0,0,0,0,0,0,0,8,0,0,0,0,0,0,0,0,0,0,0,0,0,0,0,0,0,0,0,0,0,0,0,0,0,0,0,0,0,0,0],"bins":[0.5,0.515625,0.53125,0.546875,0.5625,0.578125,0.59375,0.609375,0.625,0.640625,0.65625,0.671875,0.6875,0.703125,0.71875,0.734375,0.75,0.765625,0.78125,0.796875,0.8125,0.828125,0.84375,0.859375,0.875,0.890625,0.90625,0.921875,0.9375,0.953125,0.96875,0.984375,1,1.015625,1.03125,1.046875,1.0625,1.078125,1.09375,1.109375,1.125,1.140625,1.15625,1.171875,1.1875,1.203125,1.21875,1.234375,1.25,1.265625,1.28125,1.296875,1.3125,1.328125,1.34375,1.359375,1.375,1.390625,1.40625,1.421875,1.4375,1.453125,1.46875,1.484375,1.5],"_type":"histogram"},"train_steps_per_second":0.008,"train/completion_length":435.0625,"profiling/Time taken: GRPOTrainer._prepare_inputs":136.0866053858772,"_step":7200,"_runtime":96311.007658896,"total_flos":0,"train/global_step":800,"Entropys":{"_type":"histogram","values":[1,0,0,0,0,0,0,0,0,0,0,0,0,0,0,0,0,0,0,0,0,0,0,1,1,0,0,1,0,0,1,0,0,0,0,0,1,0,0,0,0,0,0,0,1,0,0,0,0,0,0,0,0,0,0,0,0,0,0,0,0,0,0,1],"bins":[1.65848708152771,1.694671630859375,1.7308560609817505,1.7670406103134155,1.803225040435791,1.839409589767456,1.875594139099121,1.9117785692214966,1.9479631185531616,1.9841476678848267,2.020332098007202,2.056516647338867,2.0927011966705322,2.1288857460021973,2.165070056915283,2.2012546062469482,2.2374391555786133,2.2736237049102783,2.3098082542419434,2.3459925651550293,2.3821771144866943,2.4183616638183594,2.4545462131500244,2.4907307624816895,2.5269150733947754,2.5630996227264404,2.5992841720581055,2.6354687213897705,2.6716532707214355,2.7078378200531006,2.7440221309661865,2.7802066802978516,2.8163912296295166,2.8525757789611816,2.8887603282928467,2.9249446392059326,2.9611291885375977,2.9973137378692627,3.0334982872009277,3.0696828365325928,3.105867385864258,3.1420516967773438,3.178236246109009,3.214420795440674,3.250605344772339,3.286789894104004,3.32297420501709,3.359158754348755,3.39534330368042,3.431527853012085,3.46771240234375,3.503896713256836,3.540081262588501,3.576265811920166,3.612450361251831,3.648634910583496,3.684819221496582,3.721003770828247,3.757188320159912,3.793372869491577,3.829557418823242,3.8657419681549072,3.901926279067993,3.938110828399658,3.9742953777313232]},"profiling/Time taken: GRPOTrainer._get_per_token_logps":0.08873291313648224,"train/reward_std":0.0392475463449955,"Correctness/mean":1,"train/num_tokens":8.358277e+06,"train/clip_ratio":0,"profiling/Time taken: GRPOTrainer.cewe":0.08306384459137917,"train/reward":0.125,"train/epoch":2,"train/grad_norm":0.4652422368526459,"profiling/Time taken: GRPOTrainer.compute_loss":0.6207103347405791,"_wandb":{"runtime":96311},"train_loss":0.09918674866203218,"Lengths/mean":240.375,"train_samples_per_second":0.133,"_timestamp":1.7498699211640267e+09,"train_runtime":96281.042}