{"Correctness/mean":-1,"train_samples_per_second":0.495,"train/completion_length":3.125,"_timestamp":1.7500124482203367e+09,"train/epoch":2,"train/num_tokens":3.567328e+06,"Lengths":{"_type":"histogram","values":[0,0,0,0,0,0,0,0,0,0,0,0,0,0,0,0,0,0,0,0,0,0,0,0,0,0,0,0,0,0,0,0,8,0,0,0,0,0,0,0,0,0,0,0,0,0,0,0,0,0,0,0,0,0,0,0,0,0,0,0,0,0,0,0],"bins":[3.5,3.515625,3.53125,3.546875,3.5625,3.578125,3.59375,3.609375,3.625,3.640625,3.65625,3.671875,3.6875,3.703125,3.71875,3.734375,3.75,3.765625,3.78125,3.796875,3.8125,3.828125,3.84375,3.859375,3.875,3.890625,3.90625,3.921875,3.9375,3.953125,3.96875,3.984375,4,4.015625,4.03125,4.046875,4.0625,4.078125,4.09375,4.109375,4.125,4.140625,4.15625,4.171875,4.1875,4.203125,4.21875,4.234375,4.25,4.265625,4.28125,4.296875,4.3125,4.328125,4.34375,4.359375,4.375,4.390625,4.40625,4.421875,4.4375,4.453125,4.46875,4.484375,4.5]},"Correctness":{"bins":[-1.5,-1.484375,-1.46875,-1.453125,-1.4375,-1.421875,-1.40625,-1.390625,-1.375,-1.359375,-1.34375,-1.328125,-1.3125,-1.296875,-1.28125,-1.265625,-1.25,-1.234375,-1.21875,-1.203125,-1.1875,-1.171875,-1.15625,-1.140625,-1.125,-1.109375,-1.09375,-1.078125,-1.0625,-1.046875,-1.03125,-1.015625,-1,-0.984375,-0.96875,-0.953125,-0.9375,-0.921875,-0.90625,-0.890625,-0.875,-0.859375,-0.84375,-0.828125,-0.8125,-0.796875,-0.78125,-0.765625,-0.75,-0.734375,-0.71875,-0.703125,-0.6875,-0.671875,-0.65625,-0.640625,-0.625,-0.609375,-0.59375,-0.578125,-0.5625,-0.546875,-0.53125,-0.515625,-0.5],"_type":"histogram","values":[0,0,0,0,0,0,0,0,0,0,0,0,0,0,0,0,0,0,0,0,0,0,0,0,0,0,0,0,0,0,0,0,8,0,0,0,0,0,0,0,0,0,0,0,0,0,0,0,0,0,0,0,0,0,0,0,0,0,0,0,0,0,0,0]},"train/rewards/cewe":-0.125,"_wandb":{"runtime":25882},"train/clip_ratio":0,"train_loss":0.10041026862192666,"total_flos":0,"train/grad_norm":140.3069610595703,"Entropys":{"_type":"histogram","values":[0,0,0,0,0,0,0,0,0,0,0,0,0,0,0,0,0,0,0,0,0,0,0,0,0,0,0,0,0,0,0,0,8,0,0,0,0,0,0,0,0,0,0,0,0,0,0,0,0,0,0,0,0,0,0,0,0,0,0,0,0,0,0,0],"bins":[-0.48504939675331116,-0.46942439675331116,-0.45379939675331116,-0.43817439675331116,-0.42254939675331116,-0.40692439675331116,-0.39129939675331116,-0.37567439675331116,-0.36004939675331116,-0.34442439675331116,-0.32879939675331116,-0.31317439675331116,-0.29754939675331116,-0.28192439675331116,-0.26629939675331116,-0.25067439675331116,-0.23504939675331116,-0.21942439675331116,-0.20379939675331116,-0.18817439675331116,-0.17254939675331116,-0.15692439675331116,-0.14129939675331116,-0.12567439675331116,-0.11004939675331116,-0.09442439675331116,-0.07879939675331116,-0.06317439675331116,-0.047549400478601456,-0.031924400478601456,-0.016299400478601456,-0.0006744004786014557,0.014950599521398544,0.030575599521398544,0.046200599521398544,0.061825599521398544,0.07745060324668884,0.09307560324668884,0.10870060324668884,0.12432560324668884,0.13995060324668884,0.15557560324668884,0.17120060324668884,0.18682560324668884,0.20245060324668884,0.21807560324668884,0.23370060324668884,0.24932560324668884,0.26495060324668884,0.28057560324668884,0.29620060324668884,0.31182560324668884,0.32745060324668884,0.34307560324668884,0.35870060324668884,0.37432560324668884,0.38995060324668884,0.40557560324668884,0.42120060324668884,0.43682560324668884,0.45245060324668884,0.46807560324668884,0.48370060324668884,0.49932560324668884,0.5149505734443665]},"train_steps_per_second":0.031,"_runtime":25881.905968546,"Lengths/mean":4,"_step":7200,"train_runtime":25848.977,"Entropys/mean":0.014950601384043694,"train/reward_std":0.026845624670386314,"train/learning_rate":0,"profiling/Time taken: GRPOTrainer._get_per_token_logps":0.08027719985693693,"train/reward":-0.125,"profiling/Time taken: GRPOTrainer.compute_loss":0.09023823868483305,"train/global_step":800,"profiling/Time taken: GRPOTrainer.cewe":0.08905317727476358,"train/loss":0.1372,"profiling/Time taken: GRPOTrainer._prepare_inputs":0.47585322707891464}