{"_step":2399,"Lengths/mean":74.5,"Entropys":{"_type":"histogram","values":[2,0,1,0,0,1,0,0,0,0,2,0,0,0,1,0,0,0,0,0,0,0,0,0,0,0,0,0,0,0,0,0,0,0,0,0,0,0,0,0,0,0,0,0,0,0,0,0,0,0,0,0,0,0,0,0,0,0,0,0,0,0,0,1],"bins":[1.319870948791504,1.8632922172546387,2.4067134857177734,2.950134754180908,3.493556022644043,4.036977291107178,4.5803985595703125,5.123819828033447,5.667241096496582,6.210662364959717,6.754083633422852,7.297504901885986,7.840926170349121,8.384346961975098,8.92776870727539,9.471189498901367,10.01461124420166,10.558032035827637,11.10145378112793,11.644874572753906,12.1882963180542,12.731717109680176,13.275138854980469,13.818559646606445,14.361981391906738,14.905402183532715,15.448823928833008,15.992244720458984,16.53566551208496,17.07908821105957,17.622509002685547,18.165929794311523,18.7093505859375,19.252771377563477,19.796194076538086,20.339614868164062,20.88303565979004,21.426456451416016,21.969879150390625,22.5132999420166,23.056720733642578,23.600141525268555,24.143564224243164,24.68698501586914,25.230405807495117,25.773826599121094,26.317249298095703,26.86067008972168,27.404090881347656,27.947511672973633,28.490934371948242,29.03435516357422,29.577775955200195,30.121196746826172,30.66461944580078,31.208040237426758,31.751461029052734,32.294883728027344,32.83830261230469,33.3817253112793,33.925148010253906,34.46856689453125,35.01198959350586,35.5554084777832,36.09883117675781]},"Correctness":{"_type":"histogram","values":[2,0,0,0,0,0,0,0,0,0,0,0,0,0,0,0,0,0,0,0,0,0,0,0,0,0,0,0,0,0,0,0,0,0,0,0,0,0,0,0,0,0,0,0,0,0,0,0,0,0,0,0,0,0,0,0,0,0,0,0,0,0,0,6],"bins":[-1,-0.96875,-0.9375,-0.90625,-0.875,-0.84375,-0.8125,-0.78125,-0.75,-0.71875,-0.6875,-0.65625,-0.625,-0.59375,-0.5625,-0.53125,-0.5,-0.46875,-0.4375,-0.40625,-0.375,-0.34375,-0.3125,-0.28125,-0.25,-0.21875,-0.1875,-0.15625,-0.125,-0.09375,-0.0625,-0.03125,0,0.03125,0.0625,0.09375,0.125,0.15625,0.1875,0.21875,0.25,0.28125,0.3125,0.34375,0.375,0.40625,0.4375,0.46875,0.5,0.53125,0.5625,0.59375,0.625,0.65625,0.6875,0.71875,0.75,0.78125,0.8125,0.84375,0.875,0.90625,0.9375,0.96875,1]},"_timestamp":1.750204400742194e+09,"_runtime":55379.982495437,"Lengths":{"_type":"histogram","values":[2,0,0,0,1,1,0,0,1,0,1,0,1,0,0,0,0,0,0,0,0,0,0,0,0,0,0,0,0,0,0,0,0,0,0,0,0,0,0,0,0,0,0,0,0,0,0,0,0,0,0,0,0,0,0,0,0,0,0,0,0,0,0,1],"bins":[25,28.75,32.5,36.25,40,43.75,47.5,51.25,55,58.75,62.5,66.25,70,73.75,77.5,81.25,85,88.75,92.5,96.25,100,103.75,107.5,111.25,115,118.75,122.5,126.25,130,133.75,137.5,141.25,145,148.75,152.5,156.25,160,163.75,167.5,171.25,175,178.75,182.5,186.25,190,193.75,197.5,201.25,205,208.75,212.5,216.25,220,223.75,227.5,231.25,235,238.75,242.5,246.25,250,253.75,257.5,261.25,265]},"Entropys/mean":8.656939506530762,"_wandb":{"runtime":55412},"Correctness/mean":0.5}