{"_wandb":{"runtime":39633},"Correctness":{"bins":[-1.5,-1.484375,-1.46875,-1.453125,-1.4375,-1.421875,-1.40625,-1.390625,-1.375,-1.359375,-1.34375,-1.328125,-1.3125,-1.296875,-1.28125,-1.265625,-1.25,-1.234375,-1.21875,-1.203125,-1.1875,-1.171875,-1.15625,-1.140625,-1.125,-1.109375,-1.09375,-1.078125,-1.0625,-1.046875,-1.03125,-1.015625,-1,-0.984375,-0.96875,-0.953125,-0.9375,-0.921875,-0.90625,-0.890625,-0.875,-0.859375,-0.84375,-0.828125,-0.8125,-0.796875,-0.78125,-0.765625,-0.75,-0.734375,-0.71875,-0.703125,-0.6875,-0.671875,-0.65625,-0.640625,-0.625,-0.609375,-0.59375,-0.578125,-0.5625,-0.546875,-0.53125,-0.515625,-0.5],"_type":"histogram","values":[0,0,0,0,0,0,0,0,0,0,0,0,0,0,0,0,0,0,0,0,0,0,0,0,0,0,0,0,0,0,0,0,8,0,0,0,0,0,0,0,0,0,0,0,0,0,0,0,0,0,0,0,0,0,0,0,0,0,0,0,0,0,0,0]},"Lengths/mean":53.5,"_timestamp":1.7500159779788637e+09,"_runtime":39578.714692872,"_step":2399,"Entropys/mean":2.220165967941284,"Correctness/mean":-1,"Entropys":{"values":[1,0,1,0,0,0,1,0,0,0,0,0,0,0,0,0,0,0,0,0,0,1,0,0,0,0,0,0,0,0,1,0,0,0,0,0,0,1,0,0,0,0,0,0,0,0,0,0,0,0,0,0,0,0,0,0,0,0,0,0,0,0,1,1],"bins":[1.5510168075561523,1.5747922658920288,1.5985678434371948,1.6223433017730713,1.6461187601089478,1.6698943376541138,1.6936697959899902,1.7174452543258667,1.7412207126617432,1.7649962902069092,1.7887717485427856,1.812547206878662,1.8363227844238281,1.8600982427597046,1.883873701095581,1.907649278640747,1.9314247369766235,1.9552001953125,1.978975772857666,2.002751111984253,2.026526689529419,2.050302267074585,2.074077606201172,2.097853183746338,2.121628761291504,2.145404100418091,2.169179677963257,2.192955255508423,2.2167305946350098,2.240506172180176,2.264281749725342,2.2880570888519287,2.3118326663970947,2.3356082439422607,2.3593835830688477,2.3831591606140137,2.4069347381591797,2.4307100772857666,2.4544856548309326,2.4782612323760986,2.5020365715026855,2.5258121490478516,2.5495877265930176,2.5733630657196045,2.5971386432647705,2.6209142208099365,2.6446895599365234,2.6684651374816895,2.6922407150268555,2.7160160541534424,2.7397916316986084,2.7635669708251953,2.7873425483703613,2.8111181259155273,2.8348934650421143,2.8586690425872803,2.8824446201324463,2.906219959259033,2.929995536804199,2.9537711143493652,2.977546453475952,3.001322031021118,3.025097608566284,3.048872947692871,3.072648525238037],"_type":"histogram"},"Lengths":{"values":[1,0,1,0,1,1,0,0,0,0,0,0,0,0,0,0,0,0,0,0,0,0,1,0,0,0,1,0,0,0,0,0,0,0,1,0,0,0,0,0,0,0,0,0,0,0,0,0,0,0,0,0,0,0,0,0,0,0,0,0,0,0,0,1],"bins":[40,40.671875,41.34375,42.015625,42.6875,43.359375,44.03125,44.703125,45.375,46.046875,46.71875,47.390625,48.0625,48.734375,49.40625,50.078125,50.75,51.421875,52.09375,52.765625,53.4375,54.109375,54.78125,55.453125,56.125,56.796875,57.46875,58.140625,58.8125,59.484375,60.15625,60.828125,61.5,62.171875,62.84375,63.515625,64.1875,64.859375,65.53125,66.203125,66.875,67.546875,68.21875,68.890625,69.5625,70.234375,70.90625,71.578125,72.25,72.921875,73.59375,74.265625,74.9375,75.609375,76.28125,76.953125,77.625,78.296875,78.96875,79.640625,80.3125,80.984375,81.65625,82.328125,83],"_type":"histogram"}}