{"_timestamp":1.750063011510764e+09,"Entropys":{"_type":"histogram","values":[4,0,0,0,0,0,0,0,0,0,0,0,0,0,0,0,0,1,0,0,0,0,0,0,0,0,0,0,0,0,0,0,0,0,0,0,0,0,0,0,0,0,0,0,0,0,0,0,0,1,0,0,0,0,0,0,1,0,0,0,0,0,0,1],"bins":[0.6375910043716431,0.6524848341941833,0.6673786640167236,0.6822724938392639,0.6971663236618042,0.7120601534843445,0.7269539833068848,0.741847813129425,0.7567416429519653,0.7716354727745056,0.7865293025970459,0.8014231324195862,0.8163169622421265,0.8312107920646667,0.846104621887207,0.8609984517097473,0.8758922815322876,0.8907861113548279,0.9056799411773682,0.9205737709999084,0.9354676008224487,0.950361430644989,0.9652552604675293,0.9801490902900696,0.9950429201126099,1.009936809539795,1.0248305797576904,1.039724349975586,1.054618239402771,1.069512128829956,1.0844058990478516,1.099299669265747,1.1141935586929321,1.1290874481201172,1.1439812183380127,1.1588749885559082,1.1737688779830933,1.1886627674102783,1.2035565376281738,1.2184503078460693,1.2333441972732544,1.2482380867004395,1.263131856918335,1.2780256271362305,1.2929195165634155,1.3078134059906006,1.322707176208496,1.3376009464263916,1.3524948358535767,1.3673887252807617,1.3822824954986572,1.3971762657165527,1.4120701551437378,1.4269640445709229,1.4418578147888184,1.4567515850067139,1.471645474433899,1.486539363861084,1.5014331340789795,1.516326904296875,1.53122079372406,1.5461146831512451,1.5610084533691406,1.5759022235870361,1.5907961130142212]},"Entropys/mean":0.9881733655929565,"train/loss":0.0084,"train/completion_length":178.0625,"_runtime":50521.083768827,"profiling/Time taken: GRPOTrainer._get_per_token_logps":0.0812676278874278,"train_runtime":50478.3138,"train/learning_rate":0,"train_steps_per_second":0.016,"Lengths":{"bins":[127,127.421875,127.84375,128.265625,128.6875,129.109375,129.53125,129.953125,130.375,130.796875,131.21875,131.640625,132.0625,132.484375,132.90625,133.328125,133.75,134.171875,134.59375,135.015625,135.4375,135.859375,136.28125,136.703125,137.125,137.546875,137.96875,138.390625,138.8125,139.234375,139.65625,140.078125,140.5,140.921875,141.34375,141.765625,142.1875,142.609375,143.03125,143.453125,143.875,144.296875,144.71875,145.140625,145.5625,145.984375,146.40625,146.828125,147.25,147.671875,148.09375,148.515625,148.9375,149.359375,149.78125,150.203125,150.625,151.046875,151.46875,151.890625,152.3125,152.734375,153.15625,153.578125,154],"_type":"histogram","values":[1,0,0,0,0,0,0,0,0,0,0,0,0,0,1,0,0,0,0,0,0,0,0,0,0,0,0,0,4,0,0,0,0,0,0,0,0,0,0,0,0,0,0,0,0,1,0,0,0,0,0,0,0,0,0,0,0,0,0,0,0,0,0,1]},"train_loss":0.04522522322284203,"train/rewards/cewe":0.125,"train/epoch":2,"train/grad_norm":2.9177567958831787,"_wandb":{"runtime":50521},"train/global_step":800,"profiling/Time taken: GRPOTrainer.cewe":0.07955961860716343,"Lengths/mean":139.5,"profiling/Time taken: GRPOTrainer.compute_loss":0.11068383045494556,"Correctness/mean":1,"Correctness":{"_type":"histogram","values":[0,0,0,0,0,0,0,0,0,0,0,0,0,0,0,0,0,0,0,0,0,0,0,0,0,0,0,0,0,0,0,0,8,0,0,0,0,0,0,0,0,0,0,0,0,0,0,0,0,0,0,0,0,0,0,0,0,0,0,0,0,0,0,0],"bins":[0.5,0.515625,0.53125,0.546875,0.5625,0.578125,0.59375,0.609375,0.625,0.640625,0.65625,0.671875,0.6875,0.703125,0.71875,0.734375,0.75,0.765625,0.78125,0.796875,0.8125,0.828125,0.84375,0.859375,0.875,0.890625,0.90625,0.921875,0.9375,0.953125,0.96875,0.984375,1,1.015625,1.03125,1.046875,1.0625,1.078125,1.09375,1.109375,1.125,1.140625,1.15625,1.171875,1.1875,1.203125,1.21875,1.234375,1.25,1.265625,1.28125,1.296875,1.3125,1.328125,1.34375,1.359375,1.375,1.390625,1.40625,1.421875,1.4375,1.453125,1.46875,1.484375,1.5]},"total_flos":0,"train/reward_std":0.05758288502693176,"train_samples_per_second":0.254,"train/reward":0.125,"train/num_tokens":6.411354e+06,"profiling/Time taken: GRPOTrainer._prepare_inputs":19.580465416423976,"train/clip_ratio":0,"_step":7200}