{"_step":2399,"_wandb":{"runtime":50522},"Entropys/mean":2.815645933151245,"Correctness":{"values":[0,0,0,0,0,0,0,0,0,0,0,0,0,0,0,0,0,0,0,0,0,0,0,0,0,0,0,0,0,0,0,0,8,0,0,0,0,0,0,0,0,0,0,0,0,0,0,0,0,0,0,0,0,0,0,0,0,0,0,0,0,0,0,0],"bins":[0.5,0.515625,0.53125,0.546875,0.5625,0.578125,0.59375,0.609375,0.625,0.640625,0.65625,0.671875,0.6875,0.703125,0.71875,0.734375,0.75,0.765625,0.78125,0.796875,0.8125,0.828125,0.84375,0.859375,0.875,0.890625,0.90625,0.921875,0.9375,0.953125,0.96875,0.984375,1,1.015625,1.03125,1.046875,1.0625,1.078125,1.09375,1.109375,1.125,1.140625,1.15625,1.171875,1.1875,1.203125,1.21875,1.234375,1.25,1.265625,1.28125,1.296875,1.3125,1.328125,1.34375,1.359375,1.375,1.390625,1.40625,1.421875,1.4375,1.453125,1.46875,1.484375,1.5],"_type":"histogram"},"_timestamp":1.7500629796152558e+09,"_runtime":50489.15550399,"Correctness/mean":1,"Lengths/mean":216.625,"Entropys":{"_type":"histogram","values":[1,0,0,1,0,0,0,0,0,0,0,0,0,0,0,0,0,0,0,1,0,1,0,0,0,0,0,0,0,0,0,0,0,1,0,0,0,0,0,0,0,1,0,0,0,0,0,0,0,1,0,0,0,0,0,0,0,0,0,0,0,0,0,1],"bins":[1.4630141258239746,1.5095094442367554,1.5560048818588257,1.6025002002716064,1.6489955186843872,1.6954909563064575,1.7419862747192383,1.788481593132019,1.8349769115447998,1.8814723491668701,1.9279676675796509,1.9744629859924316,2.020958423614502,2.0674538612365723,2.1139490604400635,2.160444498062134,2.206939697265625,2.2534351348876953,2.2999305725097656,2.346425771713257,2.392921209335327,2.4394166469573975,2.4859118461608887,2.532407283782959,2.5789027214050293,2.6253979206085205,2.671893358230591,2.718388795852661,2.7648839950561523,2.8113794326782227,2.857874870300293,2.904370069503784,2.9508655071258545,2.997360944747925,3.043856143951416,3.0903515815734863,3.1368470191955566,3.183342218399048,3.229837656021118,3.2763330936431885,3.3228282928466797,3.36932373046875,3.4158191680908203,3.4623143672943115,3.508809804916382,3.555305242538452,3.6018004417419434,3.6482958793640137,3.694791316986084,3.741286516189575,3.7877819538116455,3.8342771530151367,3.880772590637207,3.9272680282592773,3.9737632274627686,4.020258903503418,4.06675386428833,4.1132493019104,4.159744739532471,4.206240177154541,4.252735614776611,4.299231052398682,4.345726013183594,4.392221450805664,4.438716888427734]},"Lengths":{"values":[2,0,0,0,0,0,0,0,1,0,1,0,0,1,0,1,0,0,0,0,0,0,0,0,0,0,0,0,0,0,0,0,0,0,0,0,0,0,0,0,0,0,0,0,0,0,0,0,0,0,0,0,0,0,0,0,0,0,1,0,0,0,0,1],"bins":[204,204.59375,205.1875,205.78125,206.375,206.96875,207.5625,208.15625,208.75,209.34375,209.9375,210.53125,211.125,211.71875,212.3125,212.90625,213.5,214.09375,214.6875,215.28125,215.875,216.46875,217.0625,217.65625,218.25,218.84375,219.4375,220.03125,220.625,221.21875,221.8125,222.40625,223,223.59375,224.1875,224.78125,225.375,225.96875,226.5625,227.15625,227.75,228.34375,228.9375,229.53125,230.125,230.71875,231.3125,231.90625,232.5,233.09375,233.6875,234.28125,234.875,235.46875,236.0625,236.65625,237.25,237.84375,238.4375,239.03125,239.625,240.21875,240.8125,241.40625,242],"_type":"histogram"}}