{"train/grad_norm":0.6591595411300659,"total_flos":0,"_step":7200,"train_steps_per_second":0.009,"train/reward_std":0.01952606439590454,"train_samples_per_second":0.15,"train/epoch":2,"train/num_tokens":7.834935e+06,"profiling/Time taken: GRPOTrainer.compute_loss":0.20297427102923393,"Entropys":{"bins":[3.2389633655548096,3.2664644718170166,3.2939658164978027,3.3214669227600098,3.348968267440796,3.376469373703003,3.403970718383789,3.431471824645996,3.4589731693267822,3.4864742755889893,3.5139756202697754,3.5414767265319824,3.5689778327941895,3.5964791774749756,3.6239802837371826,3.6514816284179688,3.678982734680176,3.706484079360962,3.733985185623169,3.761486530303955,3.788987636566162,3.8164889812469482,3.8439900875091553,3.8714911937713623,3.8989925384521484,3.9264936447143555,3.9539949893951416,3.9814960956573486,4.008997440338135,4.036498546600342,4.063999652862549,4.091501235961914,4.119002342224121,4.146503448486328,4.174004554748535,4.201505661010742,4.229007244110107,4.2565083503723145,4.2840094566345215,4.3115105628967285,4.339012145996094,4.366513252258301,4.394014358520508,4.421515464782715,4.449016571044922,4.476518154144287,4.504019260406494,4.531520366668701,4.559021472930908,4.586523056030273,4.6140241622924805,4.6415252685546875,4.6690263748168945,4.69652795791626,4.724029064178467,4.751530170440674,4.779031276702881,4.806532382965088,4.834033966064453,4.86153507232666,4.889036178588867,4.916537284851074,4.9440388679504395,4.9715399742126465,4.9990410804748535],"_type":"histogram","values":[1,0,0,0,0,0,0,1,1,0,0,0,0,0,0,0,1,0,0,0,0,0,0,0,0,0,0,0,0,0,0,0,0,0,0,0,0,1,0,0,0,0,0,1,0,1,0,0,0,0,0,0,0,0,0,0,0,0,0,0,0,0,0,1]},"Correctness/mean":1,"train/clip_ratio":0,"train/loss":0.031,"profiling/Time taken: GRPOTrainer._get_per_token_logps":0.08021520171314478,"Correctness":{"values":[0,0,0,0,0,0,0,0,0,0,0,0,0,0,0,0,0,0,0,0,0,0,0,0,0,0,0,0,0,0,0,0,8,0,0,0,0,0,0,0,0,0,0,0,0,0,0,0,0,0,0,0,0,0,0,0,0,0,0,0,0,0,0,0],"bins":[0.5,0.515625,0.53125,0.546875,0.5625,0.578125,0.59375,0.609375,0.625,0.640625,0.65625,0.671875,0.6875,0.703125,0.71875,0.734375,0.75,0.765625,0.78125,0.796875,0.8125,0.828125,0.84375,0.859375,0.875,0.890625,0.90625,0.921875,0.9375,0.953125,0.96875,0.984375,1,1.015625,1.03125,1.046875,1.0625,1.078125,1.09375,1.109375,1.125,1.140625,1.15625,1.171875,1.1875,1.203125,1.21875,1.234375,1.25,1.265625,1.28125,1.296875,1.3125,1.328125,1.34375,1.359375,1.375,1.390625,1.40625,1.421875,1.4375,1.453125,1.46875,1.484375,1.5],"_type":"histogram"},"_runtime":85216.43087806,"profiling/Time taken: GRPOTrainer._prepare_inputs":41.643607650883496,"Lengths/mean":197.5,"train/learning_rate":0,"_timestamp":1.7501483514882965e+09,"Entropys/mean":4.006467342376709,"train/global_step":800,"train_runtime":85173.1997,"train/completion_length":330.375,"_wandb":{"runtime":85216},"profiling/Time taken: GRPOTrainer.cewe":0.08165778312832117,"Lengths":{"bins":[138,139.890625,141.78125,143.671875,145.5625,147.453125,149.34375,151.234375,153.125,155.015625,156.90625,158.796875,160.6875,162.578125,164.46875,166.359375,168.25,170.140625,172.03125,173.921875,175.8125,177.703125,179.59375,181.484375,183.375,185.265625,187.15625,189.046875,190.9375,192.828125,194.71875,196.609375,198.5,200.390625,202.28125,204.171875,206.0625,207.953125,209.84375,211.734375,213.625,215.515625,217.40625,219.296875,221.1875,223.078125,224.96875,226.859375,228.75,230.640625,232.53125,234.421875,236.3125,238.203125,240.09375,241.984375,243.875,245.765625,247.65625,249.546875,251.4375,253.328125,255.21875,257.109375,259],"_type":"histogram","values":[1,1,0,0,0,0,0,0,0,0,1,0,0,0,1,0,0,0,0,0,0,0,0,0,0,0,0,0,0,0,0,0,0,0,0,0,0,0,0,0,0,0,0,0,0,0,0,1,0,0,0,1,0,0,0,0,0,0,0,0,0,0,1,1]},"train/rewards/cewe":0.125,"train/reward":0.125,"train_loss":0.13722734233968367}