{"Lengths/mean":629.75,"Lengths":{"_type":"histogram","values":[6,0,0,0,1,0,0,0,0,0,0,0,0,0,0,0,0,0,0,0,0,0,0,0,0,0,0,0,0,0,0,0,0,0,0,0,0,0,0,0,0,0,0,0,0,0,0,0,0,0,0,0,0,0,0,0,0,0,0,0,0,0,0,1],"bins":[470,488,506,524,542,560,578,596,614,632,650,668,686,704,722,740,758,776,794,812,830,848,866,884,902,920,938,956,974,992,1010,1028,1046,1064,1082,1100,1118,1136,1154,1172,1190,1208,1226,1244,1262,1280,1298,1316,1334,1352,1370,1388,1406,1424,1442,1460,1478,1496,1514,1532,1550,1568,1586,1604,1622]},"Correctness/mean":1,"Correctness":{"_type":"histogram","values":[0,0,0,0,0,0,0,0,0,0,0,0,0,0,0,0,0,0,0,0,0,0,0,0,0,0,0,0,0,0,0,0,8,0,0,0,0,0,0,0,0,0,0,0,0,0,0,0,0,0,0,0,0,0,0,0,0,0,0,0,0,0,0,0],"bins":[0.5,0.515625,0.53125,0.546875,0.5625,0.578125,0.59375,0.609375,0.625,0.640625,0.65625,0.671875,0.6875,0.703125,0.71875,0.734375,0.75,0.765625,0.78125,0.796875,0.8125,0.828125,0.84375,0.859375,0.875,0.890625,0.90625,0.921875,0.9375,0.953125,0.96875,0.984375,1,1.015625,1.03125,1.046875,1.0625,1.078125,1.09375,1.109375,1.125,1.140625,1.15625,1.171875,1.1875,1.203125,1.21875,1.234375,1.25,1.265625,1.28125,1.296875,1.3125,1.328125,1.34375,1.359375,1.375,1.390625,1.40625,1.421875,1.4375,1.453125,1.46875,1.484375,1.5]},"_wandb":{"runtime":96311},"Entropys":{"bins":[6.429831027984619,6.648041248321533,6.866250991821289,7.084461212158203,7.302670955657959,7.520881175994873,7.739090919494629,7.957301139831543,8.175511360168457,8.393720626831055,8.611930847167969,8.830141067504883,9.048351287841797,9.266561508178711,9.484770774841309,9.702980995178223,9.921191215515137,10.13940143585205,10.357610702514648,10.575820922851562,10.794031143188477,11.01224136352539,11.230451583862305,11.448660850524902,11.666871070861816,11.88508129119873,12.103291511535645,12.321500778198242,12.539710998535156,12.75792121887207,12.976131439208984,13.194340705871582,13.412550926208496,13.63076114654541,13.848971366882324,14.067181587219238,14.285390853881836,14.50360107421875,14.721811294555664,14.940021514892578,15.158230781555176,15.37644100189209,15.594651222229004,15.812861442565918,16.031070709228516,16.24928092956543,16.467491149902344,16.685701370239258,16.903911590576172,17.122121810913086,17.34033203125,17.55854034423828,17.776750564575195,17.99496078491211,18.213171005249023,18.431381225585938,18.64959144592285,18.867801666259766,19.08601188659668,19.304222106933594,19.522430419921875,19.74064064025879,19.958850860595703,20.177061080932617,20.39527130126953],"_type":"histogram","values":[1,0,2,0,0,0,0,0,1,0,0,1,1,0,0,1,0,0,0,0,0,0,0,0,0,0,0,0,0,0,0,0,0,0,0,0,0,0,0,0,0,0,0,0,0,0,0,0,0,0,0,0,0,0,0,0,0,0,0,0,0,0,0,1]},"_runtime":96266.95385626,"_timestamp":1.7498698771102715e+09,"_step":2399,"Entropys/mean":9.602907180786133}