{"Correctness/mean":0.75,"_wandb":{"runtime":83677},"Entropys":{"values":[1,0,0,0,0,0,0,0,0,0,0,0,0,0,0,0,0,0,0,0,0,0,1,0,0,1,0,0,0,0,0,0,1,0,0,0,0,0,0,0,0,0,0,0,0,1,0,0,0,0,0,0,0,0,0,1,0,0,0,0,0,0,0,2],"bins":[9.792040824890137,9.941390037536621,10.090740203857422,10.240089416503906,10.38943862915039,10.538787841796875,10.688138008117676,10.83748722076416,10.986836433410645,11.136186599731445,11.28553581237793,11.434885025024414,11.584235191345215,11.7335844039917,11.882933616638184,12.032282829284668,12.181632995605469,12.330982208251953,12.480331420898438,12.629681587219238,12.779030799865723,12.928380012512207,13.077730178833008,13.227079391479492,13.376428604125977,13.525777816772461,13.675127983093262,13.824477195739746,13.97382640838623,14.123176574707031,14.272525787353516,14.421875,14.571224212646484,14.720574378967285,14.86992359161377,15.019272804260254,15.168622970581055,15.317972183227539,15.467321395874023,15.616671562194824,15.766020774841309,15.915369987487793,16.064720153808594,16.214069366455078,16.363418579101562,16.512767791748047,16.66211700439453,16.811466217041016,16.960817337036133,17.110166549682617,17.2595157623291,17.408864974975586,17.55821418762207,17.707563400268555,17.856914520263672,18.006263732910156,18.15561294555664,18.304962158203125,18.45431137084961,18.603660583496094,18.753009796142578,18.902360916137695,19.05171012878418,19.201059341430664,19.35040855407715],"_type":"histogram"},"_step":2399,"Lengths/mean":217.5,"_runtime":83623.238031169,"Correctness":{"_type":"histogram","values":[1,0,0,0,0,0,0,0,0,0,0,0,0,0,0,0,0,0,0,0,0,0,0,0,0,0,0,0,0,0,0,0,0,0,0,0,0,0,0,0,0,0,0,0,0,0,0,0,0,0,0,0,0,0,0,0,0,0,0,0,0,0,0,7],"bins":[-1,-0.96875,-0.9375,-0.90625,-0.875,-0.84375,-0.8125,-0.78125,-0.75,-0.71875,-0.6875,-0.65625,-0.625,-0.59375,-0.5625,-0.53125,-0.5,-0.46875,-0.4375,-0.40625,-0.375,-0.34375,-0.3125,-0.28125,-0.25,-0.21875,-0.1875,-0.15625,-0.125,-0.09375,-0.0625,-0.03125,0,0.03125,0.0625,0.09375,0.125,0.15625,0.1875,0.21875,0.25,0.28125,0.3125,0.34375,0.375,0.40625,0.4375,0.46875,0.5,0.53125,0.5625,0.59375,0.625,0.65625,0.6875,0.71875,0.75,0.78125,0.8125,0.84375,0.875,0.90625,0.9375,0.96875,1]},"_timestamp":1.7499370587237864e+09,"Entropys/mean":15.556492805480957,"Lengths":{"bins":[138,140.828125,143.65625,146.484375,149.3125,152.140625,154.96875,157.796875,160.625,163.453125,166.28125,169.109375,171.9375,174.765625,177.59375,180.421875,183.25,186.078125,188.90625,191.734375,194.5625,197.390625,200.21875,203.046875,205.875,208.703125,211.53125,214.359375,217.1875,220.015625,222.84375,225.671875,228.5,231.328125,234.15625,236.984375,239.8125,242.640625,245.46875,248.296875,251.125,253.953125,256.78125,259.609375,262.4375,265.265625,268.09375,270.921875,273.75,276.578125,279.40625,282.234375,285.0625,287.890625,290.71875,293.546875,296.375,299.203125,302.03125,304.859375,307.6875,310.515625,313.34375,316.171875,319],"_type":"histogram","values":[1,0,0,0,0,0,0,0,0,0,0,0,1,0,0,0,0,1,0,0,1,1,0,0,0,0,0,0,0,0,0,0,0,0,0,0,0,0,0,0,0,1,0,0,0,0,1,0,0,0,0,0,0,0,0,0,0,0,0,0,0,0,0,1]}}