{"profiling/Time taken: GRPOTrainer.cewe":0.05193683132529259,"Lengths":{"_type":"histogram","values":[2,0,0,0,0,0,0,0,0,0,0,0,0,0,0,0,3,0,0,0,0,0,0,0,0,0,0,0,0,0,0,0,2,0,0,0,0,0,0,0,0,0,0,0,0,0,0,0,0,0,0,0,0,0,0,0,0,0,0,0,0,0,0,1],"bins":[43,43.0625,43.125,43.1875,43.25,43.3125,43.375,43.4375,43.5,43.5625,43.625,43.6875,43.75,43.8125,43.875,43.9375,44,44.0625,44.125,44.1875,44.25,44.3125,44.375,44.4375,44.5,44.5625,44.625,44.6875,44.75,44.8125,44.875,44.9375,45,45.0625,45.125,45.1875,45.25,45.3125,45.375,45.4375,45.5,45.5625,45.625,45.6875,45.75,45.8125,45.875,45.9375,46,46.0625,46.125,46.1875,46.25,46.3125,46.375,46.4375,46.5,46.5625,46.625,46.6875,46.75,46.8125,46.875,46.9375,47]},"train/num_tokens":5.863343e+06,"Entropys/mean":1.338520884513855,"_wandb":{"runtime":55412},"train_loss":0.030817839539668056,"train_steps_per_second":0.014,"Lengths/mean":44.375,"total_flos":0,"train/grad_norm":3.271454095840454,"train/epoch":2,"profiling/Time taken: GRPOTrainer._get_per_token_logps":0.0787675129249692,"profiling/Time taken: GRPOTrainer.compute_loss":0.11805403139442205,"_runtime":55412.471212321,"train/reward":0.0625,"Entropys":{"bins":[0.9799942970275879,0.9929797053337097,1.0059651136398315,1.0189504623413086,1.0319358110427856,1.0449212789535522,1.0579066276550293,1.0708919763565063,1.083877444267273,1.09686279296875,1.109848141670227,1.1228336095809937,1.1358189582824707,1.1488043069839478,1.1617897748947144,1.1747751235961914,1.187760591506958,1.200745940208435,1.213731288909912,1.2267167568206787,1.2397021055221558,1.2526874542236328,1.2656729221343994,1.2786582708358765,1.2916436195373535,1.3046290874481201,1.3176144361495972,1.3305997848510742,1.3435852527618408,1.3565706014633179,1.369555950164795,1.3825414180755615,1.3955267667770386,1.4085121154785156,1.4214975833892822,1.4344829320907593,1.4474682807922363,1.460453748703003,1.47343909740448,1.486424446105957,1.4994099140167236,1.5123952627182007,1.5253806114196777,1.5383660793304443,1.5513514280319214,1.5643367767333984,1.577322244644165,1.590307593345642,1.6032929420471191,1.6162784099578857,1.6292637586593628,1.6422492265701294,1.6552345752716064,1.6682199239730835,1.68120539188385,1.6941907405853271,1.7071760892868042,1.7201615571975708,1.7331469058990479,1.746132254600525,1.7591177225112915,1.7721030712127686,1.7850884199142456,1.7980738878250122,1.8110592365264893],"_type":"histogram","values":[1,0,0,0,0,0,0,0,0,0,0,0,0,0,0,0,0,0,2,0,0,0,0,0,1,0,1,0,0,0,0,1,0,0,0,0,0,1,0,0,0,0,0,0,0,0,0,0,0,0,0,0,0,0,0,0,0,0,0,0,0,0,0,1]},"train/learning_rate":1e-07,"train/loss":0.0067,"Correctness":{"_type":"histogram","values":[0,0,0,0,0,0,0,0,0,0,0,0,0,0,0,0,0,0,0,0,0,0,0,0,0,0,0,0,0,0,0,0,8,0,0,0,0,0,0,0,0,0,0,0,0,0,0,0,0,0,0,0,0,0,0,0,0,0,0,0,0,0,0,0],"bins":[0.5,0.515625,0.53125,0.546875,0.5625,0.578125,0.59375,0.609375,0.625,0.640625,0.65625,0.671875,0.6875,0.703125,0.71875,0.734375,0.75,0.765625,0.78125,0.796875,0.8125,0.828125,0.84375,0.859375,0.875,0.890625,0.90625,0.921875,0.9375,0.953125,0.96875,0.984375,1,1.015625,1.03125,1.046875,1.0625,1.078125,1.09375,1.109375,1.125,1.140625,1.15625,1.171875,1.1875,1.203125,1.21875,1.234375,1.25,1.265625,1.28125,1.296875,1.3125,1.328125,1.34375,1.359375,1.375,1.390625,1.40625,1.421875,1.4375,1.453125,1.46875,1.484375,1.5]},"profiling/Time taken: GRPOTrainer._prepare_inputs":20.83676055353135,"_step":7200,"train/global_step":800,"train/clip_ratio":0,"train/rewards/cewe":0.0625,"_timestamp":1.7502044332116914e+09,"Correctness/mean":1,"train/completion_length":59.4375,"train/reward_std":0.27940133213996887,"train_runtime":55399.7722,"train_samples_per_second":0.231}