{"train/loss":0.0249,"train/reward":-0.125,"train/grad_norm":21.212697982788086,"train_loss":0.08773631247083864,"Correctness/mean":-1,"train/epoch":2,"total_flos":0,"train/reward_std":0.003833905328065157,"Correctness":{"values":[0,0,0,0,0,0,0,0,0,0,0,0,0,0,0,0,0,0,0,0,0,0,0,0,0,0,0,0,0,0,0,0,8,0,0,0,0,0,0,0,0,0,0,0,0,0,0,0,0,0,0,0,0,0,0,0,0,0,0,0,0,0,0,0],"bins":[-1.5,-1.484375,-1.46875,-1.453125,-1.4375,-1.421875,-1.40625,-1.390625,-1.375,-1.359375,-1.34375,-1.328125,-1.3125,-1.296875,-1.28125,-1.265625,-1.25,-1.234375,-1.21875,-1.203125,-1.1875,-1.171875,-1.15625,-1.140625,-1.125,-1.109375,-1.09375,-1.078125,-1.0625,-1.046875,-1.03125,-1.015625,-1,-0.984375,-0.96875,-0.953125,-0.9375,-0.921875,-0.90625,-0.890625,-0.875,-0.859375,-0.84375,-0.828125,-0.8125,-0.796875,-0.78125,-0.765625,-0.75,-0.734375,-0.71875,-0.703125,-0.6875,-0.671875,-0.65625,-0.640625,-0.625,-0.609375,-0.59375,-0.578125,-0.5625,-0.546875,-0.53125,-0.515625,-0.5],"_type":"histogram"},"_timestamp":1.7500123754006484e+09,"train/global_step":800,"train/learning_rate":1e-07,"_runtime":35977.956819733,"Entropys":{"_type":"histogram","values":[7,0,0,0,0,0,0,0,0,0,0,0,0,0,0,0,0,0,0,0,0,0,0,0,0,0,0,0,0,0,0,0,0,0,0,0,0,0,0,0,0,0,0,0,0,0,0,0,0,0,0,0,0,0,0,0,0,0,0,0,0,0,0,1],"bins":[0.031382571905851364,0.034184426069259644,0.03698628023266792,0.039788130670785904,0.04258998483419418,0.04539183899760246,0.04819369316101074,0.05099554732441902,0.0537974014878273,0.05659925192594528,0.05940110608935356,0.06220296025276184,0.06500481069087982,0.0678066685795784,0.07060851901769638,0.07341037690639496,0.07621222734451294,0.07901408523321152,0.0818159356713295,0.08461778610944748,0.08741964399814606,0.09022149443626404,0.09302335232496262,0.0958252027630806,0.09862705320119858,0.10142891108989716,0.10423076152801514,0.10703261941671371,0.1098344698548317,0.11263632774353027,0.11543817818164825,0.11824002861976624,0.12104188650846481,0.1238437369465828,0.12664559483528137,0.12944744527339935,0.13224929571151733,0.13505114614963531,0.1378530114889145,0.14065486192703247,0.14345671236515045,0.14625856280326843,0.1490604132413864,0.1518622785806656,0.15466412901878357,0.15746597945690155,0.16026782989501953,0.1630696803331375,0.1658715456724167,0.16867339611053467,0.17147524654865265,0.17427709698677063,0.1770789623260498,0.17988081276416779,0.18268266320228577,0.18548451364040375,0.18828636407852173,0.1910882294178009,0.19389007985591888,0.19669193029403687,0.19949378073215485,0.20229563117027283,0.205097496509552,0.20789934694766998,0.21070119738578796]},"_step":7200,"train/completion_length":6.0625,"profiling/Time taken: GRPOTrainer._prepare_inputs":0.752157548442483,"train/num_tokens":4.95835e+06,"_wandb":{"runtime":35978},"train_samples_per_second":0.356,"Lengths":{"values":[7,0,0,0,0,0,0,0,0,0,0,0,0,0,0,0,0,0,0,0,0,0,0,0,0,0,0,0,0,0,0,0,0,0,0,0,0,0,0,0,0,0,0,0,0,0,0,0,0,0,0,0,0,0,0,0,0,0,0,0,0,0,0,1],"bins":[6,6.015625,6.03125,6.046875,6.0625,6.078125,6.09375,6.109375,6.125,6.140625,6.15625,6.171875,6.1875,6.203125,6.21875,6.234375,6.25,6.265625,6.28125,6.296875,6.3125,6.328125,6.34375,6.359375,6.375,6.390625,6.40625,6.421875,6.4375,6.453125,6.46875,6.484375,6.5,6.515625,6.53125,6.546875,6.5625,6.578125,6.59375,6.609375,6.625,6.640625,6.65625,6.671875,6.6875,6.703125,6.71875,6.734375,6.75,6.765625,6.78125,6.796875,6.8125,6.828125,6.84375,6.859375,6.875,6.890625,6.90625,6.921875,6.9375,6.953125,6.96875,6.984375,7],"_type":"histogram"},"Entropys/mean":0.053797394037246704,"Lengths/mean":6.125,"profiling/Time taken: GRPOTrainer.compute_loss":0.0768011175096035,"train_steps_per_second":0.022,"train/rewards/cewe":-0.125,"profiling/Time taken: GRPOTrainer.cewe":0.08563751447945833,"profiling/Time taken: GRPOTrainer._get_per_token_logps":0.07430980540812016,"train_runtime":35942.7266,"train/clip_ratio":0}