{"Entropys":{"values":[1,2,0,1,0,1,1,0,0,0,0,0,0,0,0,0,1,0,0,0,0,0,0,0,0,0,0,0,0,0,0,0,0,0,0,0,0,0,0,0,0,0,0,0,0,0,0,0,0,0,0,0,0,0,0,0,0,0,0,0,0,0,0,1],"bins":[6.470003128051758,6.9802069664001465,7.490410327911377,8.000614166259766,8.510817527770996,9.021021842956543,9.531225204467773,10.041428565979004,10.55163288116455,11.061836242675781,11.572039604187012,12.082243919372559,12.592447280883789,13.10265064239502,13.612854957580566,14.123058319091797,14.633262634277344,15.143465995788574,15.653669357299805,16.16387367248535,16.674076080322266,17.184280395507812,17.69448471069336,18.204687118530273,18.71489143371582,19.225095748901367,19.73529815673828,20.245502471923828,20.755706787109375,21.26590919494629,21.776113510131836,22.286317825317383,22.796520233154297,23.306724548339844,23.81692886352539,24.327133178710938,24.83733558654785,25.3475399017334,25.857744216918945,26.36794662475586,26.878150939941406,27.388355255126953,27.898557662963867,28.408761978149414,28.91896629333496,29.429168701171875,29.939373016357422,30.44957733154297,30.959779739379883,31.46998405456543,31.980188369750977,32.49039077758789,33.00059509277344,33.510799407958984,34.02100372314453,34.53120422363281,35.04140853881836,35.551612854003906,36.06181716918945,36.572021484375,37.08222579956055,37.59242630004883,38.102630615234375,38.61283493041992,39.12303924560547],"_type":"histogram"},"Entropys/mean":12.836605072021484,"_step":2399,"Lengths/mean":360.875,"Lengths":{"_type":"histogram","values":[3,1,1,0,1,0,0,0,0,0,0,0,0,0,1,0,0,0,0,0,0,0,0,0,0,0,0,0,0,0,0,0,0,0,0,0,0,0,0,0,0,0,0,0,0,0,0,0,0,0,0,0,0,0,0,0,0,0,0,0,0,0,0,1],"bins":[196,211.109375,226.21875,241.328125,256.4375,271.546875,286.65625,301.765625,316.875,331.984375,347.09375,362.203125,377.3125,392.421875,407.53125,422.640625,437.75,452.859375,467.96875,483.078125,498.1875,513.296875,528.40625,543.515625,558.625,573.734375,588.84375,603.953125,619.0625,634.171875,649.28125,664.390625,679.5,694.609375,709.71875,724.828125,739.9375,755.046875,770.15625,785.265625,800.375,815.484375,830.59375,845.703125,860.8125,875.921875,891.03125,906.140625,921.25,936.359375,951.46875,966.578125,981.6875,996.796875,1011.90625,1027.015625,1042.125,1057.234375,1072.34375,1087.453125,1102.5625,1117.671875,1132.78125,1147.890625,1163]},"_runtime":95574.949809756,"Correctness":{"bins":[0.5,0.515625,0.53125,0.546875,0.5625,0.578125,0.59375,0.609375,0.625,0.640625,0.65625,0.671875,0.6875,0.703125,0.71875,0.734375,0.75,0.765625,0.78125,0.796875,0.8125,0.828125,0.84375,0.859375,0.875,0.890625,0.90625,0.921875,0.9375,0.953125,0.96875,0.984375,1,1.015625,1.03125,1.046875,1.0625,1.078125,1.09375,1.109375,1.125,1.140625,1.15625,1.171875,1.1875,1.203125,1.21875,1.234375,1.25,1.265625,1.28125,1.296875,1.3125,1.328125,1.34375,1.359375,1.375,1.390625,1.40625,1.421875,1.4375,1.453125,1.46875,1.484375,1.5],"_type":"histogram","values":[0,0,0,0,0,0,0,0,0,0,0,0,0,0,0,0,0,0,0,0,0,0,0,0,0,0,0,0,0,0,0,0,8,0,0,0,0,0,0,0,0,0,0,0,0,0,0,0,0,0,0,0,0,0,0,0,0,0,0,0,0,0,0,0]},"_timestamp":1.7501080768005257e+09,"_wandb":{"runtime":95618},"Correctness/mean":1}