{"_wandb":{"runtime":35978},"Correctness/mean":-1,"_step":2399,"Lengths":{"_type":"histogram","values":[0,0,0,0,0,0,0,0,0,0,0,0,0,0,0,0,0,0,0,0,0,0,0,0,0,0,0,0,0,0,0,0,8,0,0,0,0,0,0,0,0,0,0,0,0,0,0,0,0,0,0,0,0,0,0,0,0,0,0,0,0,0,0,0],"bins":[5.5,5.515625,5.53125,5.546875,5.5625,5.578125,5.59375,5.609375,5.625,5.640625,5.65625,5.671875,5.6875,5.703125,5.71875,5.734375,5.75,5.765625,5.78125,5.796875,5.8125,5.828125,5.84375,5.859375,5.875,5.890625,5.90625,5.921875,5.9375,5.953125,5.96875,5.984375,6,6.015625,6.03125,6.046875,6.0625,6.078125,6.09375,6.109375,6.125,6.140625,6.15625,6.171875,6.1875,6.203125,6.21875,6.234375,6.25,6.265625,6.28125,6.296875,6.3125,6.328125,6.34375,6.359375,6.375,6.390625,6.40625,6.421875,6.4375,6.453125,6.46875,6.484375,6.5]},"Entropys/mean":0.3467601537704468,"_runtime":35944.790316841,"Lengths/mean":6,"Correctness":{"_type":"histogram","values":[0,0,0,0,0,0,0,0,0,0,0,0,0,0,0,0,0,0,0,0,0,0,0,0,0,0,0,0,0,0,0,0,8,0,0,0,0,0,0,0,0,0,0,0,0,0,0,0,0,0,0,0,0,0,0,0,0,0,0,0,0,0,0,0],"bins":[-1.5,-1.484375,-1.46875,-1.453125,-1.4375,-1.421875,-1.40625,-1.390625,-1.375,-1.359375,-1.34375,-1.328125,-1.3125,-1.296875,-1.28125,-1.265625,-1.25,-1.234375,-1.21875,-1.203125,-1.1875,-1.171875,-1.15625,-1.140625,-1.125,-1.109375,-1.09375,-1.078125,-1.0625,-1.046875,-1.03125,-1.015625,-1,-0.984375,-0.96875,-0.953125,-0.9375,-0.921875,-0.90625,-0.890625,-0.875,-0.859375,-0.84375,-0.828125,-0.8125,-0.796875,-0.78125,-0.765625,-0.75,-0.734375,-0.71875,-0.703125,-0.6875,-0.671875,-0.65625,-0.640625,-0.625,-0.609375,-0.59375,-0.578125,-0.5625,-0.546875,-0.53125,-0.515625,-0.5]},"_timestamp":1.7500123422367747e+09,"Entropys":{"bins":[0.3296316862106323,0.33016693592071533,0.3307022154331207,0.33123746514320374,0.33177274465560913,0.33230799436569214,0.33284327387809753,0.33337852358818054,0.33391380310058594,0.33444905281066895,0.33498433232307434,0.33551958203315735,0.33605483174324036,0.33659011125564575,0.33712536096572876,0.33766064047813416,0.33819589018821716,0.33873116970062256,0.33926641941070557,0.33980169892311096,0.34033694863319397,0.34087222814559937,0.3414074778556824,0.3419427275657654,0.3424780070781708,0.3430132567882538,0.3435485363006592,0.3440837860107422,0.3446190655231476,0.3451543152332306,0.345689594745636,0.346224844455719,0.346760094165802,0.3472953736782074,0.3478306233882904,0.3483659029006958,0.3489011526107788,0.3494364321231842,0.3499716818332672,0.3505069613456726,0.3510422110557556,0.351577490568161,0.352112740278244,0.352647989988327,0.3531832695007324,0.35371851921081543,0.3542537987232208,0.35478904843330383,0.35532432794570923,0.35585957765579224,0.35639485716819763,0.35693010687828064,0.35746538639068604,0.35800063610076904,0.35853588581085205,0.35907116532325745,0.35960641503334045,0.36014169454574585,0.36067694425582886,0.36121222376823425,0.36174747347831726,0.36228275299072266,0.36281800270080566,0.36335328221321106,0.36388853192329407],"_type":"histogram","values":[4,0,0,0,0,0,0,0,0,0,0,0,0,0,0,0,0,0,0,0,0,0,0,0,0,0,0,0,0,0,0,0,0,0,0,0,0,0,0,0,0,0,0,0,0,0,0,0,0,0,0,0,0,0,0,0,0,0,0,0,0,0,0,4]}}