{"profiling/Time taken: GRPOTrainer.compute_loss":0.16507199592888355,"Entropys":{"_type":"histogram","values":[2,0,0,0,0,3,0,0,0,0,0,0,0,1,0,0,0,0,0,0,0,0,0,0,0,0,0,0,0,0,0,0,0,1,0,0,0,0,0,0,0,0,0,0,0,0,0,0,0,0,0,0,0,0,0,0,0,0,0,0,0,0,0,1],"bins":[0.6339386701583862,0.684869647026062,0.735800564289093,0.7867315411567688,0.8376624584197998,0.8885934352874756,0.9395244121551514,0.9904553294181824,1.0413862466812134,1.0923172235488892,1.143248200416565,1.1941791772842407,1.2451101541519165,1.2960410118103027,1.3469719886779785,1.3979029655456543,1.44883394241333,1.4997649192810059,1.550695776939392,1.6016267538070679,1.6525577306747437,1.7034887075424194,1.7544196844100952,1.8053505420684814,1.8562815189361572,1.907212495803833,1.9581434726715088,2.0090744495391846,2.0600054264068604,2.110936403274536,2.161867141723633,2.2127981185913086,2.2637290954589844,2.31466007232666,2.365591049194336,2.4165220260620117,2.4674530029296875,2.5183839797973633,2.569314956665039,2.620245933532715,2.6711766719818115,2.7221076488494873,2.773038625717163,2.823969602584839,2.8749005794525146,2.9258315563201904,2.976762533187866,3.027693510055542,3.0786244869232178,3.1295554637908936,3.1804862022399902,3.231417179107666,3.282348155975342,3.3332791328430176,3.3842101097106934,3.435141086578369,3.486072063446045,3.5370030403137207,3.5879340171813965,3.6388649940490723,3.689795732498169,3.7407267093658447,3.7916576862335205,3.8425886631011963,3.893519639968872]},"train_runtime":62467.5217,"Entropys/mean":1.4530867338180542,"_runtime":62519.60130813,"train_steps_per_second":0.013,"train_samples_per_second":0.205,"train/learning_rate":1e-07,"train/epoch":2,"Correctness":{"_type":"histogram","values":[0,0,0,0,0,0,0,0,0,0,0,0,0,0,0,0,0,0,0,0,0,0,0,0,0,0,0,0,0,0,0,0,8,0,0,0,0,0,0,0,0,0,0,0,0,0,0,0,0,0,0,0,0,0,0,0,0,0,0,0,0,0,0,0],"bins":[0.5,0.515625,0.53125,0.546875,0.5625,0.578125,0.59375,0.609375,0.625,0.640625,0.65625,0.671875,0.6875,0.703125,0.71875,0.734375,0.75,0.765625,0.78125,0.796875,0.8125,0.828125,0.84375,0.859375,0.875,0.890625,0.90625,0.921875,0.9375,0.953125,0.96875,0.984375,1,1.015625,1.03125,1.046875,1.0625,1.078125,1.09375,1.109375,1.125,1.140625,1.15625,1.171875,1.1875,1.203125,1.21875,1.234375,1.25,1.265625,1.28125,1.296875,1.3125,1.328125,1.34375,1.359375,1.375,1.390625,1.40625,1.421875,1.4375,1.453125,1.46875,1.484375,1.5]},"Lengths/mean":179.375,"Lengths":{"values":[2,0,2,0,1,0,1,0,0,0,0,0,0,0,0,0,0,0,0,0,0,0,0,0,0,0,0,0,0,0,0,0,0,0,0,0,0,0,0,0,0,1,0,0,0,0,0,0,0,0,0,0,0,0,0,0,0,0,0,0,0,0,0,1],"bins":[151,152.859375,154.71875,156.578125,158.4375,160.296875,162.15625,164.015625,165.875,167.734375,169.59375,171.453125,173.3125,175.171875,177.03125,178.890625,180.75,182.609375,184.46875,186.328125,188.1875,190.046875,191.90625,193.765625,195.625,197.484375,199.34375,201.203125,203.0625,204.921875,206.78125,208.640625,210.5,212.359375,214.21875,216.078125,217.9375,219.796875,221.65625,223.515625,225.375,227.234375,229.09375,230.953125,232.8125,234.671875,236.53125,238.390625,240.25,242.109375,243.96875,245.828125,247.6875,249.546875,251.40625,253.265625,255.125,256.984375,258.84375,260.703125,262.5625,264.421875,266.28125,268.140625,270],"_type":"histogram"},"profiling/Time taken: GRPOTrainer._get_per_token_logps":0.08671038970351219,"total_flos":0,"train/reward_std":0.24553647637367249,"_step":7200,"train/loss":0.1445,"profiling/Time taken: GRPOTrainer._prepare_inputs":32.06659923121333,"train/grad_norm":1.3512458801269531,"_timestamp":1.750170832183602e+09,"profiling/Time taken: GRPOTrainer.cewe":0.08579212799668312,"train/clip_ratio":0,"train/rewards/cewe":0.0625,"train/completion_length":198.6875,"train/global_step":800,"train_loss":0.035527114865399195,"train/reward":0.0625,"train/num_tokens":7.823718e+06,"_wandb":{"runtime":62520},"Correctness/mean":1}